2.880624,-0.035938,0.906411,-0.672846,0.108833,-0.584565,-0.493631,-0.939891,-0.762093,0.833697,-0.356934,0.216258,-0.069972,-0.199098,0.063772,-0.625522,0.977208,0.636616,0.483229,-0.062481,-0.694246,0.841332,-0.317226,-0.899787,-0.315193,0.588914,0.245417,0.501677,0.587271,-0.576091,0.847567,-0.124021,0.278027,-0.995382,0.986737,-0.438207,-0.875874,-0.083476,-0.741940,-0.695347,0.264566,-0.214145,0.843705,-0.361687,0.452360,-0.077801,0.319903,0.199391,-0.054432,0.900122,-0.314573,-0.645529,0.356188,0.692015,-0.919493,-0.100735,0.784975,0.499237,0.983615,0.062828,0.319991,-0.395039,0.895071,-0.267329
0.000000,2.346277,-0.193720,0.123638,0.439565,0.017868,0.814173,-0.161398,0.294144,-0.315275,-0.183687,-0.119900,-0.748386,-0.816553,0.334980,0.311035,0.325819,-0.960467,-0.346906,-0.604380,0.556303,0.721261,-0.506639,0.335698,-0.741274,-0.449695,-0.722691,-0.432958,0.349473,0.820654,-0.594955,0.084158,0.402782,0.905845,0.220121,-0.489786,0.250956,-0.359018,0.952257,-0.200648,0.370855,-0.953545,-0.199877,0.750215,0.220455,-0.112114,0.871875,0.707969,-0.355569,0.089097,-0.020351,0.264405,-0.331777,-0.511590,0.825344,0.847749,0.686646,0.956409,0.489983,0.529334,0.525180,-0.038785,-0.087096,-0.519547
0.000000,0.000000,2.112048,-0.421360,-0.484383,0.171923,-0.180035,-0.562287,0.632112,0.721140,-0.664601,-0.984986,-0.327740,0.595022,0.678348,-0.723342,0.548672,-0.768592,-0.219875,0.997219,-0.614818,-0.692073,-0.154399,0.239337,0.865802,0.961642,-0.860719,-0.724005,0.581476,-0.458736,0.769698,0.326907,-0.776310,0.665059,-0.647287,-0.153009,0.104370,0.001532,0.372326,0.305373,0.984084,0.998844,0.032919,-0.809602,0.455687,0.953328,-0.363347,-0.077582,-0.150446,-0.897162,0.344529,-0.293325,0.574928,0.664240,0.642462,-0.166668,-0.356909,0.497642,0.602779,-0.017485,0.786062,-0.712183,0.758138,-0.807810
0.000000,0.000000,0.000000,0.883814,0.067680,-0.864963,-0.894386,-0.998963,-0.127367,0.549248,-0.930323,0.304515,0.646255,-0.663998,-0.706273,0.721602,0.646249,0.077884,0.638400,-0.814488,-0.211037,0.475595,-0.485096,0.504658,0.008357,0.500532,-0.070641,-0.264191,-0.561622,-0.583241,0.502982,-0.762179,-0.828035,-0.647417,-0.649307,0.646215,-0.202987,0.980777,-0.725577,0.307080,-0.102541,-0.214164,0.750168,0.951191,0.745718,-0.615399,-0.558404,0.312148,-0.421833,0.469450,0.132841,0.101818,0.657094,0.421066,-0.946844,-0.901082,0.203117,-0.027616,-0.479631,-0.162688,0.515821,0.653223,0.122446,-0.229261
0.000000,0.000000,0.000000,0.000000,1.176742,0.043837,-0.370501,0.128190,0.353305,-0.867842,-0.997865,-0.575446,0.789023,0.292582,-0.656079,0.780528,-0.060088,-0.047816,0.871084,-0.881027,-0.569643,0.171543,-0.609027,0.359054,-0.571815,-0.801686,-0.586030,-0.154532,-0.647723,-0.730616,0.720564,-0.359206,-0.278483,-0.889459,-0.285261,-0.470386,0.220970,-0.589219,0.776731,0.859333,-0.800338,-0.785194,-0.769347,0.239139,-0.756062,0.704765,0.508543,0.639618,0.052121,0.993354,-0.911650,-0.197470,-0.352127,0.897291,0.153722,0.612382,-0.659318,0.957268,-0.002721,-0.012656,0.941769,-0.238535,-0.204950,0.169505
0.000000,0.000000,0.000000,0.000000,0.000000,0.820132,-0.357829,-0.613583,-0.793433,0.732289,0.178662,-0.282654,-0.182661,-0.136962,0.266298,0.853539,0.865559,-0.217016,-0.341475,-0.097907,0.135868,-0.076364,0.317507,0.108798,-0.358569,-0.308538,-0.242814,-0.810720,-0.667875,0.446228,-0.221807,-0.570922,0.125345,0.511079,-0.485155,0.653580,0.855010,0.194789,0.337895,-0.894848,0.891040,-0.215031,0.847801,0.157955,-0.990762,-0.922916,0.360838,0.125336,-0.946935,0.486920,0.704291,-0.007165,-0.068485,-0.989054,0.573299,-0.338568,0.757527,-0.253879,0.130156,-0.459316,-0.678823,0.549816,-0.006819,0.072976
0.000000,0.000000,0.000000,0.000000,0.000000,0.000000,2.913540,0.927160,0.711284,-0.624781,0.188545,0.756295,-0.251072,-0.797788,0.621926,-0.036473,0.128785,0.964289,0.214423,-0.150041,-0.260031,-0.164761,-0.763202,0.589501,0.675434,-0.431206,-0.392407,0.748669,-0.952059,0.040915,-0.072649,0.380254,-0.673217,0.336661,-0.246532,0.237430,-0.919810,-0.076546,0.044502,-0.571347,-0.720753,-0.623051,-0.311718,-0.806380,0.894640,-0.190012,0.617939,0.948834,-0.838529,0.303339,0.742818,0.268469,-0.141948,-0.137847,-0.928202,0.069202,0.987086,0.917415,-0.919202,0.411594,-0.396470,0.805978,-0.909771,0.871748
0.000000,0.000000,0.000000,0.000000,0.000000,0.000000,0.000000,2.593689,-0.764991,-0.880351,0.669415,-0.688485,0.069796,0.831490,0.134896,-0.205533,-0.109968,-0.873766,0.937505,-0.378692,-0.621273,-0.427905,0.928746,-0.811428,0.734606,0.415688,0.660038,0.951795,0.684309,0.886765,-0.746129,0.591577,0.091351,0.086991,0.797843,0.943608,0.409677,-0.034123,-0.087192,-0.227317,-0.276802,-0.216986,-0.820494,-0.845128,0.559740,-0.107854,0.861369,0.224442,-0.929648,-0.684953,-0.588360,0.951472,-0.562592,0.031511,0.872354,0.954385,-0.527279,-0.901765,-0.692796,-0.873343,-0.609752,0.137139,0.824898,0.074438
0.000000,0.000000,0.000000,0.000000,0.000000,0.000000,0.000000,0.000000,2.064974,-0.596265,0.601167,0.235578,0.728274,0.897686,-0.304198,-0.818842,-0.548142,-0.124317,0.891387,-0.243380,0.541546,0.080953,-0.634382,-0.358532,0.306384,0.345707,-0.130481,-0.542709,0.443814,-0.662254,0.873339,-0.624193,-0.785375,-0.004705,0.039099,0.016386,-0.126665,0.989630,-0.027439,-0.044107,-0.156468,-0.866348,0.185913,-0.544064,0.275218,-0.898333,0.962774,-0.061990,0.793511,-0.048878,-0.879338,0.644427,0.296367,0.563514,-0.143660,0.275873,0.712458,0.262131,-0.304653,0.325059,0.343708,0.921174,-0.258175,-0.149836
0.000000,0.000000,0.000000,0.000000,0.000000,0.000000,0.000000,0.000000,0.000000,2.530307,0.011525,0.473146,-0.080581,-0.569010,0.490408,-0.737690,-0.602833,0.253650,0.494540,0.789376,-0.454827,-0.778551,0.912093,-0.691154,-0.604666,-0.417341,0.058783,0.765651,0.521092,0.416315,-0.649639,-0.284635,-0.043190,-0.705148,-0.453141,-0.383334,-0.745448,0.100479,0.410056,-0.860137,-0.037754,0.564422,0.495980,0.630146,-0.103519,0.641114,-0.518494,-0.278379,-0.647289,-0.065031,-0.215880,-0.518146,0.503561,-0.372306,-0.454391,-0.738219,-0.122357,-0.394071,-0.261454,-0.528005,0.526311,0.860007,-0.004136,0.285997
0.000000,0.000000,0.000000,0.000000,0.000000,0.000000,0.000000,0.000000,0.000000,0.000000,2.667931,0.997659,0.227033,0.779559,0.817216,0.582903,-0.078137,-0.837692,-0.968389,-0.045599,-0.011371,-0.185275,0.136335,0.104325,0.673226,-0.782686,-0.549645,0.586010,0.695674,0.989648,0.745824,0.779798,-0.371304,-0.196677,-0.463830,0.212599,0.877611,-0.310718,0.114004,-0.407401,-0.660400,-0.609629,-0.884109,0.898587,-0.194241,0.668242,0.362659,-0.616158,-0.649076,0.623976,-0.470577,0.826570,-0.719889,0.355417,0.628948,-0.529487,-0.447585,0.929038,-0.470805,-0.140086,-0.134969,-0.493931,0.551582,0.543699
0.000000,0.000000,0.000000,0.000000,0.000000,0.000000,0.000000,0.000000,0.000000,0.000000,0.000000,1.445795,0.670252,-0.573850,-0.991388,0.142335,0.988156,-0.922711,-0.584004,0.037829,0.619881,-0.821916,-0.209531,0.494152,-0.256914,-0.622327,-0.609008,-0.179902,-0.041166,0.723629,0.284505,0.380804,0.965974,-0.176313,-0.193291,0.846694,-0.508249,0.459630,0.509146,-0.804424,-0.063537,-0.598875,-0.629249,-0.072344,-0.421141,0.592121,0.815210,0.605441,-0.467938,-0.451731,-0.490543,-0.729924,0.887597,-0.195904,-0.550621,0.693342,-0.201609,-0.929766,-0.676117,0.278501,0.565811,-0.578131,0.834791,0.701994
0.000000,0.000000,0.000000,0.000000,0.000000,0.000000,0.000000,0.000000,0.000000,0.000000,0.000000,0.000000,2.620952,-0.544678,-0.898928,0.734847,-0.388400,0.237833,0.519934,-0.743413,0.561677,0.877023,0.456750,-0.117555,0.753356,0.054915,0.489542,0.641012,0.498706,-0.424290,-0.764312,-0.523323,0.005750,0.010554,0.165289,-0.209796,0.573783,0.826308,-0.506550,0.473046,0.355944,0.046181,-0.622940,0.590465,0.921253,0.443673,0.835720,0.968371,-0.295899,0.276447,-0.052135,0.973257,-0.812384,-0.175250,0.751078,-0.431897,0.575586,-0.234434,0.959957,0.767060,-0.397359,0.540386,-0.326287,0.212726
0.000000,0.000000,0.000000,0.000000,0.000000,0.000000,0.000000,0.000000,0.000000,0.000000,0.000000,0.000000,0.000000,2.146202,0.659191,-0.951098,-0.559684,0.423836,0.127046,-0.008790,-0.889580,-0.303448,0.730200,-0.938214,-0.207128,0.890297,-0.898239,0.499412,-0.484775,0.733218,0.492136,0.771410,-0.568150,0.062586,0.558540,-0.508601,-0.538507,-0.945636,0.917031,0.420034,0.271121,0.487989,0.063226,-0.047732,-0.100936,0.280878,-0.596930,0.776117,0.623505,-0.300873,0.157219,-0.717945,0.944692,0.805785,0.843795,-0.335674,-0.661731,-0.576456,-0.819997,-0.759779,-0.857391,0.979646,-0.851885,-0.734916
0.000000,0.000000,0.000000,0.000000,0.000000,0.000000,0.000000,0.000000,0.000000,0.000000,0.000000,0.000000,0.000000,0.000000,2.568136,0.160480,0.548834,0.261824,0.764350,0.276935,0.044250,0.425499,-0.105214,-0.307872,-0.064695,-0.660572,0.593143,-0.478592,-0.692937,-0.507296,0.684140,-0.339597,0.372100,0.712819,-0.844511,0.530049,-0.384669,-0.566755,0.377803,0.819593,-0.409962,0.137668,-0.420332,0.108571,0.243724,0.220671,0.247093,-0.729840,0.387081,0.349501,0.365176,-0.851859,-0.106322,-0.181930,-0.826577,-0.555264,-0.118075,0.485813,-0.525876,0.659500,0.091597,0.520843,-0.054888,-0.001612
0.000000,0.000000,0.000000,0.000000,0.000000,0.000000,0.000000,0.000000,0.000000,0.000000,0.000000,0.000000,0.000000,0.000000,0.000000,2.049298,0.855941,-0.016375,0.057315,0.203994,0.475030,-0.856299,0.031375,-0.036817,0.843370,-0.012987,-0.063359,0.924400,-0.098847,-0.638231,-0.566168,-0.809625,-0.998864,-0.136109,0.538485,0.466933,-0.935702,0.139966,-0.691434,0.882153,-0.665270,0.253278,-0.347523,0.283123,-0.175483,0.519286,-0.538642,0.811584,0.000419,0.512186,0.699460,0.997657,-0.552109,-0.426215,-0.499134,-0.474257,0.164889,0.987045,0.980556,0.053546,0.278054,0.719941,0.865867,-0.592279
0.000000,0.000000,0.000000,0.000000,0.000000,0.000000,0.000000,0.000000,0.000000,0.000000,0.000000,0.000000,0.000000,0.000000,0.000000,0.000000,1.821354,0.665674,-0.393596,-0.120382,0.971242,0.970093,0.812214,0.596897,-0.461739,-0.358300,0.094566,0.121555,0.011006,0.273341,-0.183354,0.498348,-0.332900,-0.338646,-0.745548,-0.622576,0.701042,-0.107435,-0.544264,0.518682,0.107962,-0.957688,-0.367277,-0.645997,0.311746,-0.449938,-0.870106,-0.890130,0.163455,-0.956553,0.697584,-0.689206,0.213133,-0.110624,-0.114297,-0.856406,0.605505,0.786105,-0.977967,-0.642792,0.807808,0.098987,-0.699921,-0.594419
0.000000,0.000000,0.000000,0.000000,0.000000,0.000000,0.000000,0.000000,0.000000,0.000000,0.000000,0.000000,0.000000,0.000000,0.000000,0.000000,0.000000,2.149966,0.449634,0.198854,0.906297,-0.011873,-0.399456,-0.045534,-0.280667,-0.551168,-0.908074,-0.295575,0.422819,-0.963124,-0.121643,0.288019,0.220808,0.553297,0.621039,0.423412,-0.794405,-0.049955,0.206812,-0.508868,-0.914896,-0.552819,-0.090211,-0.172139,-0.646666,0.648831,0.851373,-0.597303,0.859146,-0.964278,0.849925,0.903858,-0.975896,0.526039,0.940403,0.811804,0.941420,0.100647,-0.843688,0.699578,0.227657,0.229473,-0.165493,0.143684
0.000000,0.000000,0.000000,0.000000,0.000000,0.000000,0.000000,0.000000,0.000000,0.000000,0.000000,0.000000,0.000000,0.000000,0.000000,0.000000,0.000000,0.000000,0.883949,0.479540,-0.849965,0.459562,0.697957,-0.055063,0.019661,-0.375571,0.938917,0.466249,-0.262023,-0.650385,-0.560841,-0.072155,0.885137,0.468293,-0.569513,0.719122,-0.243599,0.703444,-0.516601,0.237321,0.853341,-0.484212,0.385853,0.974625,-0.698803,-0.823195,0.348390,-0.320528,-0.857511,-0.049389,0.507541,-0.429755,-0.329906,0.691399,0.040144,0.685464,-0.107221,0.905950,0.301589,-0.768202,0.770186,-0.021470,-0.716722,-0.694620
0.000000,0.000000,0.000000,0.000000,0.000000,0.000000,0.000000,0.000000,0.000000,0.000000,0.000000,0.000000,0.000000,0.000000,0.000000,0.000000,0.000000,0.000000,0.000000,2.218835,-0.905255,-0.426812,-0.720425,-0.117845,-0.171292,0.043753,-0.440727,-0.935913,0.228772,-0.252564,0.302670,-0.782666,-0.972445,-0.503412,-0.086905,-0.211856,0.620605,-0.244325,0.060882,0.187031,-0.956337,0.030267,-0.310337,-0.157440,-0.799425,0.565641,0.884809,-0.955462,0.202746,0.527688,-0.430385,0.575111,0.264710,0.858325,0.962010,-0.915308,-0.110124,0.093976,-0.706514,-0.327428,0.975295,-0.967539,-0.094984,0.685309
0.000000,0.000000,0.000000,0.000000,0.000000,0.000000,0.000000,0.000000,0.000000,0.000000,0.000000,0.000000,0.000000,0.000000,0.000000,0.000000,0.000000,0.000000,0.000000,0.000000,1.309753,-0.040403,0.956091,-0.050246,-0.738157,-0.896557,0.890833,-0.468381,0.008128,-0.818596,-0.152690,0.860211,0.004826,0.942270,-0.482329,0.009090,0.719062,-0.103495,-0.441025,0.710951,-0.220221,0.061447,0.953054,-0.627033,-0.397199,-0.937861,-0.216325,-0.599633,0.360070,-0.637357,0.349626,-0.473049,-0.289564,-0.302279,0.433504,-0.066981,-0.277402,0.705245,0.143901,-0.572338,0.800183,-0.314699,-0.922041,-0.010800
0.000000,0.000000,0.000000,0.000000,0.000000,0.000000,0.000000,0.000000,0.000000,0.000000,0.000000,0.000000,0.000000,0.000000,0.000000,0.000000,0.000000,0.000000,0.000000,0.000000,0.000000,0.809845,-0.523067,0.494222,-0.738496,0.613888,0.873815,0.213064,0.420718,0.427173,0.985616,-0.316923,-0.674287,0.038334,0.066500,-0.644175,0.226219,-0.971751,0.855337,-0.470851,-0.920880,-0.783501,-0.519502,-0.452188,-0.934380,-0.441290,-0.614117,-0.242758,-0.229665,-0.321985,-0.344152,-0.820537,-0.949590,-0.595771,0.513299,0.981620,0.857052,0.008439,0.063648,-0.370837,0.547879,0.529513,0.688545,0.791009
0.000000,0.000000,0.000000,0.000000,0.000000,0.000000,0.000000,0.000000,0.000000,0.000000,0.000000,0.000000,0.000000,0.000000,0.000000,0.000000,0.000000,0.000000,0.000000,0.000000,0.000000,0.000000,1.585873,0.533751,0.612797,-0.383081,0.858484,-0.811317,0.988538,0.540181,-0.813458,0.312459,-0.931641,0.540374,0.598446,0.204821,0.713721,-0.804233,-0.448152,-0.171645,-0.915084,-0.103568,-0.469573,-0.214530,-0.149795,0.758823,-0.459318,0.787486,-0.148058,-0.344385,0.005024,-0.164513,-0.485255,0.005359,-0.696397,-0.296140,0.131580,-0.173184,0.647825,-0.486556,0.939543,0.569444,0.935186,0.676273
0.000000,0.000000,0.000000,0.000000,0.000000,0.000000,0.000000,0.000000,0.000000,0.000000,0.000000,0.000000,0.000000,0.000000,0.000000,0.000000,0.000000,0.000000,0.000000,0.000000,0.000000,0.000000,0.000000,0.855260,0.052920,-0.660043,0.636455,0.168324,-0.473101,0.859198,-0.769628,0.127725,0.442081,-0.882303,0.195712,0.631802,-0.864945,0.024486,-0.482886,0.325849,-0.762645,0.874103,0.789457,-0.628051,-0.353468,0.175270,0.436125,-0.114688,-0.687417,-0.791697,0.999531,-0.089296,0.745063,-0.035248,0.844715,-0.824481,-0.771962,0.859264,0.894986,-0.370565,-0.289670,-0.095100,-0.167677,-0.619910
0.000000,0.000000,0.000000,0.000000,0.000000,0.000000,0.000000,0.000000,0.000000,0.000000,0.000000,0.000000,0.000000,0.000000,0.000000,0.000000,0.000000,0.000000,0.000000,0.000000,0.000000,0.000000,0.000000,0.000000,2.745938,-0.493385,0.410545,-0.865689,-0.922497,0.307461,-0.321968,0.310919,-0.811958,0.899703,0.497029,0.752534,-0.727059,-0.359678,-0.263312,0.074345,-0.406263,-0.878739,-0.262243,-0.490901,-0.228157,-0.606081,-0.476207,0.253905,-0.223692,-0.309233,0.067811,0.543721,-0.242264,0.175039,0.932405,0.043960,0.819595,0.587345,-0.882563,-0.141802,0.396637,0.973424,-0.083247,-0.814429
0.000000,0.000000,0.000000,0.000000,0.000000,0.000000,0.000000,0.000000,0.000000,0.000000,0.000000,0.000000,0.000000,0.000000,0.000000,0.000000,0.000000,0.000000,0.000000,0.000000,0.000000,0.000000,0.000000,0.000000,0.000000,1.905023,-0.746872,0.503039,0.015354,0.446863,0.738724,0.257896,0.224879,0.509141,0.684910,0.738108,-0.927140,0.112381,-0.567461,0.720692,0.296795,-0.159555,-0.623792,-0.321953,0.407555,-0.591281,-0.812834,0.776058,0.528421,-0.600410,-0.415377,0.944140,0.416369,0.221044,-0.384743,-0.401750,-0.920953,0.456964,-0.913650,-0.990285,0.458990,0.897748,0.513006,-0.056720
0.000000,0.000000,0.000000,0.000000,0.000000,0.000000,0.000000,0.000000,0.000000,0.000000,0.000000,0.000000,0.000000,0.000000,0.000000,0.000000,0.000000,0.000000,0.000000,0.000000,0.000000,0.000000,0.000000,0.000000,0.000000,0.000000,1.715113,-0.127727,-0.350713,0.043428,-0.137698,0.196336,0.796240,0.990019,-0.842513,-0.230633,-0.638588,-0.295759,-0.425054,-0.650926,0.528152,-0.007423,0.838491,-0.934815,-0.866044,-0.193453,-0.839445,-0.474541,0.972059,-0.582081,-0.603765,0.147281,-0.004003,0.160877,-0.246529,0.653525,-0.722839,-0.143215,0.379524,0.736473,-0.260857,0.135491,-0.861720,-0.659362
0.000000,0.000000,0.000000,0.000000,0.000000,0.000000,0.000000,0.000000,0.000000,0.000000,0.000000,0.000000,0.000000,0.000000,0.000000,0.000000,0.000000,0.000000,0.000000,0.000000,0.000000,0.000000,0.000000,0.000000,0.000000,0.000000,0.000000,0.672845,0.455762,-0.423880,0.447491,-0.867203,0.725096,0.671060,-0.822143,-0.952487,-0.887422,0.707260,-0.530593,0.096547,-0.147512,0.591051,-0.022203,0.001322,0.978184,-0.699741,0.661408,-0.896501,-0.044702,0.772670,0.330428,0.370429,-0.473365,-0.162850,-0.266838,0.042886,-0.075544,-0.346203,-0.389039,-0.498294,-0.269906,-0.700117,0.744209,0.204239
0.000000,0.000000,0.000000,0.000000,0.000000,0.000000,0.000000,0.000000,0.000000,0.000000,0.000000,0.000000,0.000000,0.000000,0.000000,0.000000,0.000000,0.000000,0.000000,0.000000,0.000000,0.000000,0.000000,0.000000,0.000000,0.000000,0.000000,0.000000,0.834466,0.387719,0.695333,-0.524929,-0.698799,-0.982765,-0.905499,0.524503,0.974373,-0.910239,0.496142,-0.856276,0.184266,0.512151,-0.281591,-0.978131,0.190379,0.982489,-0.484765,-0.621017,-0.752148,0.110511,0.192890,0.584542,0.506147,0.785083,0.611545,-0.505466,0.111755,-0.405176,-0.340429,0.863889,0.363792,0.949181,-0.166175,0.074875
0.000000,0.000000,0.000000,0.000000,0.000000,0.000000,0.000000,0.000000,0.000000,0.000000,0.000000,0.000000,0.000000,0.000000,0.000000,0.000000,0.000000,0.000000,0.000000,0.000000,0.000000,0.000000,0.000000,0.000000,0.000000,0.000000,0.000000,0.000000,0.000000,1.717789,-0.785426,-0.526596,0.055273,-0.865251,0.862924,-0.752313,-0.604039,0.530642,-0.806131,0.800556,0.451402,-0.862758,0.383694,0.263257,0.514699,0.656396,0.436701,0.172353,-0.355073,0.394547,0.913943,0.175044,0.328690,-0.125744,0.512242,0.995335,-0.679221,-0.595189,0.078876,-0.037249,0.143140,-0.901852,-0.191447,0.165957
0.000000,0.000000,0.000000,0.000000,0.000000,0.000000,0.000000,0.000000,0.000000,0.000000,0.000000,0.000000,0.000000,0.000000,0.000000,0.000000,0.000000,0.000000,0.000000,0.000000,0.000000,0.000000,0.000000,0.000000,0.000000,0.000000,0.000000,0.000000,0.000000,0.000000,1.962978,0.314668,0.440432,0.283094,0.580486,0.249521,0.075015,0.212393,-0.797613,-0.453687,0.054800,0.745974,0.358103,-0.819184,0.184550,-0.556524,0.468033,0.654882,0.186913,0.182725,-0.322817,-0.107500,0.728217,0.446641,0.039507,-0.263535,-0.899241,-0.713985,-0.613950,-0.253233,0.888287,0.010307,-0.530320,-0.788500
0.000000,0.000000,0.000000,0.000000,0.000000,0.000000,0.000000,0.000000,0.000000,0.000000,0.000000,0.000000,0.000000,0.000000,0.000000,0.000000,0.000000,0.000000,0.000000,0.000000,0.000000,0.000000,0.000000,0.000000,0.000000,0.000000,0.000000,0.000000,0.000000,0.000000,0.000000,1.345764,0.631461,-0.233314,0.545012,0.605410,-0.778358,0.217320,0.918192,-0.195724,-0.898112,0.846605,0.767333,0.044283,0.104506,-0.576518,0.638902,-0.002800,-0.932244,0.366030,0.900993,0.658301,-0.445604,-0.893350,0.880703,0.874125,0.064831,0.284635,-0.074800,-0.160469,-0.761103,-0.806494,-0.534536,0.673281
0.000000,0.000000,0.000000,0.000000,0.000000,0.000000,0.000000,0.000000,0.000000,0.000000,0.000000,0.000000,0.000000,0.000000,0.000000,0.000000,0.000000,0.000000,0.000000,0.000000,0.000000,0.000000,0.000000,0.000000,0.000000,0.000000,0.000000,0.000000,0.000000,0.000000,0.000000,0.000000,0.864581,-0.546603,0.097228,-0.569738,-0.673587,0.126632,-0.263813,0.252319,0.824411,-0.698014,0.826867,0.804980,0.658175,0.262572,0.240293,0.278425,0.380991,-0.967036,0.916185,0.171208,0.562932,-0.245436,-0.975206,0.019469,0.014380,-0.126021,-0.320566,-0.500348,0.055090,-0.249444,0.939864,-0.654145
0.000000,0.000000,0.000000,0.000000,0.000000,0.000000,0.000000,0.000000,0.000000,0.000000,0.000000,0.000000,0.000000,0.000000,0.000000,0.000000,0.000000,0.000000,0.000000,0.000000,0.000000,0.000000,0.000000,0.000000,0.000000,0.000000,0.000000,0.000000,0.000000,0.000000,0.000000,0.000000,0.000000,1.299164,-0.412079,0.086618,-0.001439,0.287481,0.900004,-0.429558,0.385543,-0.949920,-0.475223,-0.072561,-0.938010,0.235339,0.356621,0.493463,0.033149,0.207889,-0.207869,-0.917494,-0.800096,0.309992,0.991111,-0.968394,0.115167,0.502018,0.653550,0.090410,0.239832,0.393450,0.717932,-0.755421
0.000000,0.000000,0.000000,0.000000,0.000000,0.000000,0.000000,0.000000,0.000000,0.000000,0.000000,0.000000,0.000000,0.000000,0.000000,0.000000,0.000000,0.000000,0.000000,0.000000,0.000000,0.000000,0.000000,0.000000,0.000000,0.000000,0.000000,0.000000,0.000000,0.000000,0.000000,0.000000,0.000000,0.000000,2.815455,-0.947965,0.672400,-0.846519,-0.610744,-0.992212,-0.109487,-0.331282,-0.668014,-0.097820,-0.195258,0.535322,0.786261,0.305135,-0.751179,-0.409218,0.826637,-0.822531,-0.186288,0.885009,0.901330,-0.177594,0.334794,-0.086509,0.506921,-0.936837,-0.711686,0.228398,-0.534895,0.332105
0.000000,0.000000,0.000000,0.000000,0.000000,0.000000,0.000000,0.000000,0.000000,0.000000,0.000000,0.000000,0.000000,0.000000,0.000000,0.000000,0.000000,0.000000,0.000000,0.000000,0.000000,0.000000,0.000000,0.000000,0.000000,0.000000,0.000000,0.000000,0.000000,0.000000,0.000000,0.000000,0.000000,0.000000,0.000000,1.378057,0.773291,0.638519,-0.014324,0.545790,-0.457724,-0.011480,-0.605036,0.721772,0.646135,0.804299,0.754954,0.919193,-0.543328,0.863649,0.142426,-0.155010,0.120748,-0.314795,-0.422894,-0.517371,-0.835144,-0.006870,0.775523,0.260304,0.041951,-0.142814,-0.071197,-0.581445
0.000000,0.000000,0.000000,0.000000,0.000000,0.000000,0.000000,0.000000,0.000000,0.000000,0.000000,0.000000,0.000000,0.000000,0.000000,0.000000,0.000000,0.000000,0.000000,0.000000,0.000000,0.000000,0.000000,0.000000,0.000000,0.000000,0.000000,0.000000,0.000000,0.000000,0.000000,0.000000,0.000000,0.000000,0.000000,0.000000,2.557340,-0.603234,0.433246,0.519970,0.149738,0.725853,-0.417899,0.763234,0.458821,0.597500,0.329159,0.692686,0.986198,-0.159674,0.627831,0.489160,-0.094260,0.853898,-0.211148,0.130932,-0.788115,-0.548450,0.681392,-0.206895,-0.211832,-0.508038,-0.016779,0.611634
0.000000,0.000000,0.000000,0.000000,0.000000,0.000000,0.000000,0.000000,0.000000,0.000000,0.000000,0.000000,0.000000,0.000000,0.000000,0.000000,0.000000,0.000000,0.000000,0.000000,0.000000,0.000000,0.000000,0.000000,0.000000,0.000000,0.000000,0.000000,0.000000,0.000000,0.000000,0.000000,0.000000,0.000000,0.000000,0.000000,0.000000,2.737910,-0.859771,0.149641,-0.065453,0.228564,-0.105449,-0.202710,-0.056239,0.163998,0.001966,-0.055711,0.635671,0.491296,-0.317243,0.601154,0.707301,-0.693016,0.165365,-0.429376,0.478345,-0.522429,0.342807,-0.489751,0.022288,0.897293,-0.237385,0.751477
0.000000,0.000000,0.000000,0.000000,0.000000,0.000000,0.000000,0.000000,0.000000,0.000000,0.000000,0.000000,0.000000,0.000000,0.000000,0.000000,0.000000,0.000000,0.000000,0.000000,0.000000,0.000000,0.000000,0.000000,0.000000,0.000000,0.000000,0.000000,0.000000,0.000000,0.000000,0.000000,0.000000,0.000000,0.000000,0.000000,0.000000,0.000000,2.967361,0.749702,-0.668268,0.639316,-0.935701,-0.213396,0.741467,0.377504,0.065481,-0.224272,0.624594,0.419117,-0.063189,0.784969,-0.540104,-0.659217,0.285608,0.943989,-0.505487,-0.500659,-0.721002,0.721127,-0.547205,0.006357,0.981745,-0.975718
0.000000,0.000000,0.000000,0.000000,0.000000,0.000000,0.000000,0.000000,0.000000,0.000000,0.000000,0.000000,0.000000,0.000000,0.000000,0.000000,0.000000,0.000000,0.000000,0.000000,0.000000,0.000000,0.000000,0.000000,0.000000,0.000000,0.000000,0.000000,0.000000,0.000000,0.000000,0.000000,0.000000,0.000000,0.000000,0.000000,0.000000,0.000000,0.000000,1.891215,0.024578,0.614895,-0.289437,-0.179317,-0.664124,0.481630,0.569418,-0.726673,-0.213086,0.785810,-0.994585,-0.402482,0.110085,-0.331812,-0.455910,-0.079925,-0.636954,0.059250,0.413392,0.150590,-0.813781,0.688817,-0.650044,0.529624
0.000000,0.000000,0.000000,0.000000,0.000000,0.000000,0.000000,0.000000,0.000000,0.000000,0.000000,0.000000,0.000000,0.000000,0.000000,0.000000,0.000000,0.000000,0.000000,0.000000,0.000000,0.000000,0.000000,0.000000,0.000000,0.000000,0.000000,0.000000,0.000000,0.000000,0.000000,0.000000,0.000000,0.000000,0.000000,0.000000,0.000000,0.000000,0.000000,0.000000,1.401413,0.565523,-0.587454,-0.626676,-0.005948,-0.934128,-0.549405,0.448025,0.674767,-0.838429,0.764155,0.595034,0.739369,0.396857,0.348306,0.050186,0.305574,0.838219,-0.798956,-0.368471,-0.855090,0.889610,-0.109469,0.350689
0.000000,0.000000,0.000000,0.000000,0.000000,0.000000,0.000000,0.000000,0.000000,0.000000,0.000000,0.000000,0.000000,0.000000,0.000000,0.000000,0.000000,0.000000,0.000000,0.000000,0.000000,0.000000,0.000000,0.000000,0.000000,0.000000,0.000000,0.000000,0.000000,0.000000,0.000000,0.000000,0.000000,0.000000,0.000000,0.000000,0.000000,0.000000,0.000000,0.000000,0.000000,2.602800,0.982000,-0.676435,0.599025,0.774846,-0.902249,0.508181,-0.290549,0.297194,0.028096,-0.480515,-0.729557,-0.766106,-0.793354,0.275580,-0.297178,-0.566733,0.383770,0.373699,0.078337,0.869916,-0.229172,0.671726
0.000000,0.000000,0.000000,0.000000,0.000000,0.000000,0.000000,0.000000,0.000000,0.000000,0.000000,0.000000,0.000000,0.000000,0.000000,0.000000,0.000000,0.000000,0.000000,0.000000,0.000000,0.000000,0.000000,0.000000,0.000000,0.000000,0.000000,0.000000,0.000000,0.000000,0.000000,0.000000,0.000000,0.000000,0.000000,0.000000,0.000000,0.000000,0.000000,0.000000,0.000000,0.000000,0.687849,0.479662,0.976895,0.693196,0.159329,0.253532,-0.293421,0.358970,0.540791,0.996457,-0.015074,-0.877392,0.191716,-0.761952,-0.510470,-0.342440,0.462060,-0.632384,-0.668494,-0.910072,0.746480,0.387011
0.000000,0.000000,0.000000,0.000000,0.000000,0.000000,0.000000,0.000000,0.000000,0.000000,0.000000,0.000000,0.000000,0.000000,0.000000,0.000000,0.000000,0.000000,0.000000,0.000000,0.000000,0.000000,0.000000,0.000000,0.000000,0.000000,0.000000,0.000000,0.000000,0.000000,0.000000,0.000000,0.000000,0.000000,0.000000,0.000000,0.000000,0.000000,0.000000,0.000000,0.000000,0.000000,0.000000,0.599866,-0.943415,0.117349,-0.434931,0.193453,-0.130792,0.846625,-0.424382,0.358291,-0.891891,0.911721,0.961515,0.478149,-0.069575,-0.560013,0.625033,0.472708,-0.556092,-0.097569,-0.074402,0.652821
0.000000,0.000000,0.000000,0.000000,0.000000,0.000000,0.000000,0.000000,0.000000,0.000000,0.000000,0.000000,0.000000,0.000000,0.000000,0.000000,0.000000,0.000000,0.000000,0.000000,0.000000,0.000000,0.000000,0.000000,0.000000,0.000000,0.000000,0.000000,0.000000,0.000000,0.000000,0.000000,0.000000,0.000000,0.000000,0.000000,0.000000,0.000000,0.000000,0.000000,0.000000,0.000000,0.000000,0.000000,2.209612,0.286335,0.299655,-0.459060,-0.256577,-0.908675,0.573882,-0.134004,-0.123523,-0.509287,-0.581145,0.175644,-0.534894,-0.871582,0.535015,-0.247061,-0.239529,-0.137363,0.630090,-0.358326
0.000000,0.000000,0.000000,0.000000,0.000000,0.000000,0.000000,0.000000,0.000000,0.000000,0.000000,0.000000,0.000000,0.000000,0.000000,0.000000,0.000000,0.000000,0.000000,0.000000,0.000000,0.000000,0.000000,0.000000,0.000000,0.000000,0.000000,0.000000,0.000000,0.000000,0.000000,0.000000,0.000000,0.000000,0.000000,0.000000,0.000000,0.000000,0.000000,0.000000,0.000000,0.000000,0.000000,0.000000,0.000000,2.395091,0.879090,0.321736,-0.136638,0.495579,-0.084205,-0.171145,0.050566,-0.364555,-0.791500,-0.170296,-0.752286,-0.179117,0.113867,0.861422,-0.927555,0.242917,-0.084530,-0.959478
0.000000,0.000000,0.000000,0.000000,0.000000,0.000000,0.000000,0.000000,0.000000,0.000000,0.000000,0.000000,0.000000,0.000000,0.000000,0.000000,0.000000,0.000000,0.000000,0.000000,0.000000,0.000000,0.000000,0.000000,0.000000,0.000000,0.000000,0.000000,0.000000,0.000000,0.000000,0.000000,0.000000,0.000000,0.000000,0.000000,0.000000,0.000000,0.000000,0.000000,0.000000,0.000000,0.000000,0.000000,0.000000,0.000000,1.123870,-0.763029,-0.566412,-0.450860,-0.197387,0.058079,-0.998020,-0.676261,-0.812867,0.099347,-0.341850,0.096795,-0.556353,-0.951541,0.882734,-0.783384,-0.746283,-0.706906
0.000000,0.000000,0.000000,0.000000,0.000000,0.000000,0.000000,0.000000,0.000000,0.000000,0.000000,0.000000,0.000000,0.000000,0.000000,0.000000,0.000000,0.000000,0.000000,0.000000,0.000000,0.000000,0.000000,0.000000,0.000000,0.000000,0.000000,0.000000,0.000000,0.000000,0.000000,0.000000,0.000000,0.000000,0.000000,0.000000,0.000000,0.000000,0.000000,0.000000,0.000000,0.000000,0.000000,0.000000,0.000000,0.000000,0.000000,2.953191,0.235320,0.220580,0.973396,-0.823122,0.949002,-0.591974,0.246143,-0.159833,-0.232096,0.862487,-0.701545,0.994138,-0.241750,0.297550,0.935813,-0.884798
0.000000,0.000000,0.000000,0.000000,0.000000,0.000000,0.000000,0.000000,0.000000,0.000000,0.000000,0.000000,0.000000,0.000000,0.000000,0.000000,0.000000,0.000000,0.000000,0.000000,0.000000,0.000000,0.000000,0.000000,0.000000,0.000000,0.000000,0.000000,0.000000,0.000000,0.000000,0.000000,0.000000,0.000000,0.000000,0.000000,0.000000,0.000000,0.000000,0.000000,0.000000,0.000000,0.000000,0.000000,0.000000,0.000000,0.000000,0.000000,2.807161,0.135623,0.408794,-0.701632,0.066775,0.347027,-0.087505,-0.690030,-0.511762,0.708786,-0.931058,0.417724,0.998780,-0.985034,-0.677909,0.348289
0.000000,0.000000,0.000000,0.000000,0.000000,0.000000,0.000000,0.000000,0.000000,0.000000,0.000000,0.000000,0.000000,0.000000,0.000000,0.000000,0.000000,0.000000,0.000000,0.000000,0.000000,0.000000,0.000000,0.000000,0.000000,0.000000,0.000000,0.000000,0.000000,0.000000,0.000000,0.000000,0.000000,0.000000,0.000000,0.000000,0.000000,0.000000,0.000000,0.000000,0.000000,0.000000,0.000000,0.000000,0.000000,0.000000,0.000000,0.000000,0.000000,0.649977,0.179580,0.368000,0.176293,-0.269631,0.394565,0.188589,-0.584726,0.126271,0.763814,0.333667,-0.056417,-0.356832,-0.828228,-0.510746
0.000000,0.000000,0.000000,0.000000,0.000000,0.000000,0.000000,0.000000,0.000000,0.000000,0.000000,0.000000,0.000000,0.000000,0.000000,0.000000,0.000000,0.000000,0.000000,0.000000,0.000000,0.000000,0.000000,0.000000,0.000000,0.000000,0.000000,0.000000,0.000000,0.000000,0.000000,0.000000,0.000000,0.000000,0.000000,0.000000,0.000000,0.000000,0.000000,0.000000,0.000000,0.000000,0.000000,0.000000,0.000000,0.000000,0.000000,0.000000,0.000000,0.000000,0.527967,0.973252,-0.555035,0.629752,-0.662710,-0.432798,-0.163445,-0.351189,0.596702,0.915387,0.750589,-0.692844,0.553377,-0.704106
0.000000,0.000000,0.000000,0.000000,0.000000,0.000000,0.000000,0.000000,0.000000,0.000000,0.000000,0.000000,0.000000,0.000000,0.000000,0.000000,0.000000,0.000000,0.000000,0.000000,0.000000,0.000000,0.000000,0.000000,0.000000,0.000000,0.000000,0.000000,0.000000,0.000000,0.000000,0.000000,0.000000,0.000000,0.000000,0.000000,0.000000,0.000000,0.000000,0.000000,0.000000,0.000000,0.000000,0.000000,0.000000,0.000000,0.000000,0.000000,0.000000,0.000000,0.000000,2.783453,0.035757,-0.327238,-0.685949,-0.976382,-0.504106,0.828040,0.594524,0.939587,-0.798477,0.184357,-0.485699,0.085883
0.000000,0.000000,0.000000,0.000000,0.000000,0.000000,0.000000,0.000000,0.000000,0.000000,0.000000,0.000000,0.000000,0.000000,0.000000,0.000000,0.000000,0.000000,0.000000,0.000000,0.000000,0.000000,0.000000,0.000000,0.000000,0.000000,0.000000,0.000000,0.000000,0.000000,0.000000,0.000000,0.000000,0.000000,0.000000,0.000000,0.000000,0.000000,0.000000,0.000000,0.000000,0.000000,0.000000,0.000000,0.000000,0.000000,0.000000,0.000000,0.000000,0.000000,0.000000,0.000000,1.301137,-0.433069,0.147691,-0.633364,-0.061733,0.301625,-0.743636,0.861189,0.011449,0.639056,0.307811,0.420002
0.000000,0.000000,0.000000,0.000000,0.000000,0.000000,0.000000,0.000000,0.000000,0.000000,0.000000,0.000000,0.000000,0.000000,0.000000,0.000000,0.000000,0.000000,0.000000,0.000000,0.000000,0.000000,0.000000,0.000000,0.000000,0.000000,0.000000,0.000000,0.000000,0.000000,0.000000,0.000000,0.000000,0.000000,0.000000,0.000000,0.000000,0.000000,0.000000,0.000000,0.000000,0.000000,0.000000,0.000000,0.000000,0.000000,0.000000,0.000000,0.000000,0.000000,0.000000,0.000000,0.000000,2.290327,0.750200,0.227211,-0.443566,-0.800981,0.212501,-0.867294,-0.517413,-0.878586,0.097775,-0.679324
0.000000,0.000000,0.000000,0.000000,0.000000,0.000000,0.000000,0.000000,0.000000,0.000000,0.000000,0.000000,0.000000,0.000000,0.000000,0.000000,0.000000,0.000000,0.000000,0.000000,0.000000,0.000000,0.000000,0.000000,0.000000,0.000000,0.000000,0.000000,0.000000,0.000000,0.000000,0.000000,0.000000,0.000000,0.000000,0.000000,0.000000,0.000000,0.000000,0.000000,0.000000,0.000000,0.000000,0.000000,0.000000,0.000000,0.000000,0.000000,0.000000,0.000000,0.000000,0.000000,0.000000,0.000000,2.026018,0.581730,0.643761,-0.380913,0.097909,0.126022,-0.054226,0.310228,-0.579826,0.958486
0.000000,0.000000,0.000000,0.000000,0.000000,0.000000,0.000000,0.000000,0.000000,0.000000,0.000000,0.000000,0.000000,0.000000,0.000000,0.000000,0.000000,0.000000,0.000000,0.000000,0.000000,0.000000,0.000000,0.000000,0.000000,0.000000,0.000000,0.000000,0.000000,0.000000,0.000000,0.000000,0.000000,0.000000,0.000000,0.000000,0.000000,0.000000,0.000000,0.000000,0.000000,0.000000,0.000000,0.000000,0.000000,0.000000,0.000000,0.000000,0.000000,0.000000,0.000000,0.000000,0.000000,0.000000,0.000000,0.745200,0.658442,0.188192,-0.510291,0.491350,-0.831038,0.548836,0.179970,-0.778499
0.000000,0.000000,0.000000,0.000000,0.000000,0.000000,0.000000,0.000000,0.000000,0.000000,0.000000,0.000000,0.000000,0.000000,0.000000,0.000000,0.000000,0.000000,0.000000,0.000000,0.000000,0.000000,0.000000,0.000000,0.000000,0.000000,0.000000,0.000000,0.000000,0.000000,0.000000,0.000000,0.000000,0.000000,0.000000,0.000000,0.000000,0.000000,0.000000,0.000000,0.000000,0.000000,0.000000,0.000000,0.000000,0.000000,0.000000,0.000000,0.000000,0.000000,0.000000,0.000000,0.000000,0.000000,0.000000,0.000000,0.698764,0.501673,-0.414128,0.778604,0.524146,0.396380,-0.442788,0.417889
0.000000,0.000000,0.000000,0.000000,0.000000,0.000000,0.000000,0.000000,0.000000,0.000000,0.000000,0.000000,0.000000,0.000000,0.000000,0.000000,0.000000,0.000000,0.000000,0.000000,0.000000,0.000000,0.000000,0.000000,0.000000,0.000000,0.000000,0.000000,0.000000,0.000000,0.000000,0.000000,0.000000,0.000000,0.000000,0.000000,0.000000,0.000000,0.000000,0.000000,0.000000,0.000000,0.000000,0.000000,0.000000,0.000000,0.000000,0.000000,0.000000,0.000000,0.000000,0.000000,0.000000,0.000000,0.000000,0.000000,0.000000,2.870369,-0.816880,-0.347675,-0.530655,-0.213500,0.484665,-0.051515
0.000000,0.000000,0.000000,0.000000,0.000000,0.000000,0.000000,0.000000,0.000000,0.000000,0.000000,0.000000,0.000000,0.000000,0.000000,0.000000,0.000000,0.000000,0.000000,0.000000,0.000000,0.000000,0.000000,0.000000,0.000000,0.000000,0.000000,0.000000,0.000000,0.000000,0.000000,0.000000,0.000000,0.000000,0.000000,0.000000,0.000000,0.000000,0.000000,0.000000,0.000000,0.000000,0.000000,0.000000,0.000000,0.000000,0.000000,0.000000,0.000000,0.000000,0.000000,0.000000,0.000000,0.000000,0.000000,0.000000,0.000000,0.000000,1.926827,-0.371690,-0.717421,-0.466133,0.719361,0.204834
0.000000,0.000000,0.000000,0.000000,0.000000,0.000000,0.000000,0.000000,0.000000,0.000000,0.000000,0.000000,0.000000,0.000000,0.000000,0.000000,0.000000,0.000000,0.000000,0.000000,0.000000,0.000000,0.000000,0.000000,0.000000,0.000000,0.000000,0.000000,0.000000,0.000000,0.000000,0.000000,0.000000,0.000000,0.000000,0.000000,0.000000,0.000000,0.000000,0.000000,0.000000,0.000000,0.000000,0.000000,0.000000,0.000000,0.000000,0.000000,0.000000,0.000000,0.000000,0.000000,0.000000,0.000000,0.000000,0.000000,0.000000,0.000000,0.000000,1.444972,0.579812,-0.871085,-0.492218,-0.539794
0.000000,0.000000,0.000000,0.000000,0.000000,0.000000,0.000000,0.000000,0.000000,0.000000,0.000000,0.000000,0.000000,0.000000,0.000000,0.000000,0.000000,0.000000,0.000000,0.000000,0.000000,0.000000,0.000000,0.000000,0.000000,0.000000,0.000000,0.000000,0.000000,0.000000,0.000000,0.000000,0.000000,0.000000,0.000000,0.000000,0.000000,0.000000,0.000000,0.000000,0.000000,0.000000,0.000000,0.000000,0.000000,0.000000,0.000000,0.000000,0.000000,0.000000,0.000000,0.000000,0.000000,0.000000,0.000000,0.000000,0.000000,0.000000,0.000000,0.000000,2.963411,0.412197,0.235572,-0.990030
0.000000,0.000000,0.000000,0.000000,0.000000,0.000000,0.000000,0.000000,0.000000,0.000000,0.000000,0.000000,0.000000,0.000000,0.000000,0.000000,0.000000,0.000000,0.000000,0.000000,0.000000,0.000000,0.000000,0.000000,0.000000,0.000000,0.000000,0.000000,0.000000,0.000000,0.000000,0.000000,0.000000,0.000000,0.000000,0.000000,0.000000,0.000000,0.000000,0.000000,0.000000,0.000000,0.000000,0.000000,0.000000,0.000000,0.000000,0.000000,0.000000,0.000000,0.000000,0.000000,0.000000,0.000000,0.000000,0.000000,0.000000,0.000000,0.000000,0.000000,0.000000,0.960775,0.271083,-0.240561
0.000000,0.000000,0.000000,0.000000,0.000000,0.000000,0.000000,0.000000,0.000000,0.000000,0.000000,0.000000,0.000000,0.000000,0.000000,0.000000,0.000000,0.000000,0.000000,0.000000,0.000000,0.000000,0.000000,0.000000,0.000000,0.000000,0.000000,0.000000,0.000000,0.000000,0.000000,0.000000,0.000000,0.000000,0.000000,0.000000,0.000000,0.000000,0.000000,0.000000,0.000000,0.000000,0.000000,0.000000,0.000000,0.000000,0.000000,0.000000,0.000000,0.000000,0.000000,0.000000,0.000000,0.000000,0.000000,0.000000,0.000000,0.000000,0.000000,0.000000,0.000000,0.000000,2.810701,0.529448
0.000000,0.000000,0.000000,0.000000,0.000000,0.000000,0.000000,0.000000,0.000000,0.000000,0.000000,0.000000,0.000000,0.000000,0.000000,0.000000,0.000000,0.000000,0.000000,0.000000,0.000000,0.000000,0.000000,0.000000,0.000000,0.000000,0.000000,0.000000,0.000000,0.000000,0.000000,0.000000,0.000000,0.000000,0.000000,0.000000,0.000000,0.000000,0.000000,0.000000,0.000000,0.000000,0.000000,0.000000,0.000000,0.000000,0.000000,0.000000,0.000000,0.000000,0.000000,0.000000,0.000000,0.000000,0.000000,0.000000,0.000000,0.000000,0.000000,0.000000,0.000000,0.000000,0.000000,1.618460
