1.80,8.75,-21.42,-13.42,-15.15,-15.56,14.98,20.32,-10.72,15.35,6.91,-11.51,15.64,18.70,0.59,-12.20,15.54,1.31,20.74,-13.62,-22.63,3.05,-15.08,-16.04,-0.11,3.97,-15.15,-23.29,-1.39,10.96,20.09,6.03
0,1.85,17.51,-13.53,17.57,11.08,-10.66,14.26,17.53,-9.63,1.30,-12.55,15.66,12.29,20.95,16.49,13.90,-13.67,4.72,5.85,12.83,-2.47,20.50,-15.87,-8.71,-8.59,19.22,7.10,20.03,-12.92,18.18,18.26
0,0,1.90,-17.22,8.18,1.02,19.56,10.80,-22.07,-23.11,20.72,10.59,-13.36,13.64,-1.82,22.90,23.62,5.89,-4.47,20.11,14.66,5.02,-23.22,3.58,-4.12,16.25,-18.90,10.72,-3.58,-1.53,-22.24,9.07
0,0,0,1.95,0.34,-3.91,-15.89,16.62,16.66,-10.79,-3.42,-8.44,-7.30,-0.18,-16.66,8.14,8.79,4.84,11.26,14.44,21.49,17.64,-12.62,10.14,11.71,5.80,-12.82,-16.60,-14.42,-9.54,7.95,3.44
0,0,0,0,2.00,-17.07,10.69,16.64,15.57,-7.90,-10.29,-15.14,5.89,11.70,19.39,-4.33,15.60,12.86,-6.09,-23.69,-12.01,-16.94,-12.28,5.00,10.70,2.55,-0.38,9.68,13.39,19.30,-4.98,19.73
0,0,0,0,0,2.05,-18.34,4.68,17.49,-10.07,19.22,4.96,-11.09,5.20,12.91,-10.72,13.79,17.66,-16.80,-4.19,15.92,-8.02,1.01,-1.46,16.11,-22.00,18.66,-0.45,-12.10,18.72,4.12,16.30
0,0,0,0,0,0,2.10,-9.84,-9.29,9.97,-11.67,-2.90,-13.38,-8.73,12.28,19.97,17.97,15.19,8.08,0.89,9.69,17.02,5.10,17.81,4.35,23.84,-5.65,17.10,22.66,-4.88,20.68,-20.74
0,0,0,0,0,0,0,2.15,19.56,7.64,8.17,-18.26,11.95,22.48,12.01,13.81,0.59,-2.24,2.83,-9.68,6.11,20.23,-15.20,23.41,-3.02,-2.89,-18.10,18.15,21.12,-20.05,10.13,0.12
0,0,0,0,0,0,0,0,2.20,-2.09,-15.04,-7.16,0.86,-2.36,16.63,-13.09,12.08,-12.46,1.67,10.60,-6.10,-3.39,19.10,-7.82,-6.71,-4.78,-4.82,0.91,12.14,-23.97,4.48,-11.47
0,0,0,0,0,0,0,0,0,2.25,-4.70,-5.31,1.22,8.74,-15.92,23.14,16.96,15.97,18.11,7.73,-10.73,8.42,14.70,-2.51,-0.97,12.49,-5.34,23.69,5.95,22.49,-13.67,-4.22
0,0,0,0,0,0,0,0,0,0,2.30,5.01,-8.85,-20.30,1.20,12.57,6.44,-18.51,18.53,5.27,9.11,3.23,14.66,4.56,7.95,15.62,16.83,-13.27,-13.64,1.38,-10.89,-10.77
0,0,0,0,0,0,0,0,0,0,0,2.35,-7.02,22.52,-20.19,0.05,-10.37,15.09,2.05,10.58,-6.93,22.73,6.73,10.37,2.09,-7.53,8.69,-13.28,-10.63,4.80,6.29,-8.13
0,0,0,0,0,0,0,0,0,0,0,0,2.40,18.89,-13.97,9.36,14.88,-12.06,5.15,12.92,16.13,13.06,6.25,3.88,14.37,22.38,-23.01,21.07,19.46,23.39,0.91,-10.86
0,0,0,0,0,0,0,0,0,0,0,0,0,2.45,-20.40,17.00,21.74,19.29,-12.19,8.39,-13.13,7.75,13.78,11.66,4.55,-1.02,-5.93,15.91,-16.56,16.94,-9.37,19.96
0,0,0,0,0,0,0,0,0,0,0,0,0,0,2.50,-14.95,20.58,20.48,17.51,-9.77,14.92,-17.48,18.58,-6.97,-14.33,15.75,16.07,0.29,3.14,-11.36,-3.54,-6.07
0,0,0,0,0,0,0,0,0,0,0,0,0,0,0,2.55,-4.47,8.41,21.08,22.49,-9.33,13.08,-1.66,17.43,8.06,2.11,18.63,-13.59,16.76,2.65,-16.67,3.44
0,0,0,0,0,0,0,0,0,0,0,0,0,0,0,0,2.60,-7.31,-18.01,-17.31,-18.62,20.86,15.08,-17.37,19.86,1.95,-19.18,-14.78,14.43,8.38,8.75,-16.89
0,0,0,0,0,0,0,0,0,0,0,0,0,0,0,0,0,2.65,-9.99,11.58,-14.42,-11.26,16.68,-17.74,13.82,16.98,2.95,8.51,18.54,11.62,8.47,0.50
0,0,0,0,0,0,0,0,0,0,0,0,0,0,0,0,0,0,2.70,18.32,-3.26,5.92,21.06,11.75,-8.23,10.04,-18.13,-0.09,-9.77,15.46,-10.84,3.62
0,0,0,0,0,0,0,0,0,0,0,0,0,0,0,0,0,0,0,2.75,18.24,6.55,-4.48,21.96,22.22,-12.31,-12.02,21.65,22.35,-5.65,-14.02,-5.46
0,0,0,0,0,0,0,0,0,0,0,0,0,0,0,0,0,0,0,0,2.80,12.15,-7.38,-9.25,23.26,5.12,-0.72,5.44,11.84,13.12,17.45,2.13
0,0,0,0,0,0,0,0,0,0,0,0,0,0,0,0,0,0,0,0,0,2.85,0.07,-17.58,-23.82,-12.33,-22.07,-20.46,1.37,21.46,-21.39,-6.21
0,0,0,0,0,0,0,0,0,0,0,0,0,0,0,0,0,0,0,0,0,0,2.90,15.41,-23.40,-3.64,11.14,14.26,17.96,11.01,-6.48,12.48
0,0,0,0,0,0,0,0,0,0,0,0,0,0,0,0,0,0,0,0,0,0,0,2.95,1.27,20.21,-23.22,7.51,16.06,23.56,-6.65,13.87
0,0,0,0,0,0,0,0,0,0,0,0,0,0,0,0,0,0,0,0,0,0,0,0,3.00,9.16,11.86,22.10,-17.20,-9.34,1.97,23.28
0,0,0,0,0,0,0,0,0,0,0,0,0,0,0,0,0,0,0,0,0,0,0,0,0,3.05,-12.00,18.01,-17.17,19.02,-6.68,4.46
0,0,0,0,0,0,0,0,0,0,0,0,0,0,0,0,0,0,0,0,0,0,0,0,0,0,3.10,14.08,-12.60,22.92,23.31,17.83
0,0,0,0,0,0,0,0,0,0,0,0,0,0,0,0,0,0,0,0,0,0,0,0,0,0,0,3.15,-11.70,2.76,12.16,-11.12
0,0,0,0,0,0,0,0,0,0,0,0,0,0,0,0,0,0,0,0,0,0,0,0,0,0,0,0,3.20,23.43,-13.48,6.98
0,0,0,0,0,0,0,0,0,0,0,0,0,0,0,0,0,0,0,0,0,0,0,0,0,0,0,0,0,3.25,4.41,-17.45
0,0,0,0,0,0,0,0,0,0,0,0,0,0,0,0,0,0,0,0,0,0,0,0,0,0,0,0,0,0,3.30,3.64
0,0,0,0,0,0,0,0,0,0,0,0,0,0,0,0,0,0,0,0,0,0,0,0,0,0,0,0,0,0,0,3.34